"40.73507,-73.98891"
"40.830666,-74.13954"
"40.67865,-73.9587"
"40.76065,-73.97224"
"40.731148,-73.98871"
"40.666004,-73.99015"
"40.730656,-74.0108"
"40.72382,-73.98535"
"40.687065,-74.18252"
"43.08011,-75.95269"
"40.710476,-74.09959"
"41.319145,-74.14707"
"40.702938,-73.93347"
"40.73739,-73.992836"
"40.82338,-73.930626"
"40.76356,-73.98277"
"40.892193,-74.118004"
"40.76494,-73.814766"
"40.762062,-73.985855"
"40.73544,-74.00438"
"40.81187,-74.21556"
"40.69619,-74.27077"
"40.84633,-73.998924"
"40.730545,-74.000175"
"40.814365,-74.22072"
"40.81825,-73.96053"
"40.771427,-73.9735"
"40.71994,-73.96001"
"40.677097,-73.963806"
"39.57542,-74.77789"
"40.731674,-74.00454"
"40.756886,-73.986565"
"40.757603,-73.98914"
"40.722874,-73.99462"
"40.76015,-73.98911"
"40.76758,-73.95935"
"40.75485,-73.98801"
"40.84996,-73.96995"
"40.697308,-74.178055"
"40.761837,-73.96518"
"40.775146,-73.9831"
"40.78286,-73.948006"
"40.677036,-73.97235"
"40.756035,-73.97283"
"40.75558,-73.97086"
"40.80479,-73.95237"
"40.713898,-74.03811"
"40.723682,-74.00014"
"40.74939,-73.982864"
"40.83623,-74.15115"
"40.807632,-73.94702"
"42.878315,-78.69404"
"40.96241,-74.06781"
"40.738876,-73.992805"
"40.440487,-74.355064"
"40.77894,-73.962296"
"40.729633,-73.9583"
"40.681225,-73.95571"
"40.701893,-74.009155"
"40.734005,-74.003"
"40.862877,-73.88351"
"40.724373,-73.99242"
"40.63244,-73.99851"
"40.735687,-74.00594"
"40.66033,-74.171486"
"40.734447,-73.99871"
"40.74246,-74.02935"
"40.636097,-74.8784"
"40.71873,-73.95524"
"40.722404,-73.95523"
"40.961784,-74.067764"
"40.827187,-74.10451"
"40.728275,-73.99928"
"40.781906,-73.95108"
"40.80123,-73.96512"
"40.73034,-73.98399"
"40.742085,-74.03784"
"40.781403,-73.96059"
"40.71884,-73.98986"
"40.592186,-74.28917"
"40.8881,-74.2511"
"40.719746,-73.99987"
"40.757236,-73.98576"
"40.756947,-73.10935"
"42.739758,-73.76265"
"40.709335,-74.004715"
"40.729923,-73.98125"
"40.75797,-73.98567"
"40.784515,-74.00333"
"40.720486,-74.00506"
"40.728527,-74.0027"
"40.73417,-73.990486"
"40.734276,-74.17636"
"40.652428,-73.924545"
"40.738113,-73.987946"
"40.715572,-73.99799"
"40.716934,-73.99975"
"40.905792,-74.03098"
"40.778706,-73.914345"
"40.750523,-73.97412"
"40.743458,-73.98606"
"40.731365,-74.19808"
"40.743702,-73.98277"
"40.737434,-73.99128"
"40.889576,-74.0954"
"40.761253,-74.01912"
"40.74343,-73.99399"
"40.594692,-75.411736"
"40.763645,-73.98939"
"40.723747,-73.85006"
"40.793762,-73.972466"
"42.80864,-73.989334"
"40.744385,-73.99628"
"40.75884,-73.97846"
"40.74375,-73.92222"
"40.36523,-74.30278"
"40.7672,-73.98148"
"40.806324,-73.94243"
"40.72631,-74.03316"
"40.657764,-75.41643"
"40.83192,-73.89195"
"40.748123,-73.992714"
"40.796654,-73.9546"
"40.748005,-74.004036"
"40.74202,-74.00097"
"40.73687,-73.99135"
"40.71503,-74.015686"
"40.797382,-74.05355"
"40.753433,-73.98343"
"40.684868,-73.99481"
"40.740993,-74.25837"
"40.729923,-74.15986"
"40.736446,-73.9903"
"40.743645,-73.98389"
"40.8951,-74.0803"
"40.72324,-73.9992"
"40.744007,-73.9767"
"40.744072,-73.98738"
"40.778297,-73.77916"
"40.736736,-73.98976"
"40.728672,-74.00474"
"40.720215,-73.99704"
"40.67683,-73.96344"
"40.926647,-73.855675"
"40.761124,-73.97951"
"43.09998,-78.695595"
"40.748795,-73.950066"
"40.725758,-73.99211"
"40.75722,-73.99155"
"40.715958,-73.99744"
"40.804176,-74.24701"
"40.91533,-74.0767"
"40.686104,-73.943825"
"40.783955,-73.9479"
"40.691086,-73.99718"
"40.74546,-74.00222"
"40.446556,-74.49911"
"40.75566,-73.98095"
"40.752495,-73.98623"
"40.717354,-73.94488"
"40.887363,-74.041145"
"40.82548,-74.10865"
"40.49442,-74.30408"
"40.753876,-73.98443"
"40.735893,-74.0052"
"40.72115,-73.95704"
"40.815815,-74.16164"
"40.741756,-74.174774"
"40.869446,-73.844444"
"40.71259,-73.81581"
"40.74071,-74.00808"
"40.70449,-74.0097"
"40.696983,-74.1754"
"40.725956,-73.99531"
"40.757935,-73.9856"
"40.75212,-73.99976"
"40.68673,-73.99375"
"40.741604,-73.98331"
"40.725838,-73.994804"
"40.65686,-73.70014"
"40.74835,-73.99051"
"40.729893,-74.003555"
"40.721565,-73.99559"
"40.719933,-74.00094"
"40.797585,-73.668"
"40.58389,-73.94324"
"40.764107,-73.98125"
"40.698307,-74.179214"
"40.747177,-73.985596"
"40.6985,-73.934364"
"40.764492,-73.91577"
"40.73642,-73.98688"
"40.821995,-73.94999"
"40.700676,-73.94141"
"40.725163,-73.99216"
"40.79409,-73.96717"
"40.730194,-73.9818"
"40.734833,-73.98623"
"40.783306,-73.98044"
"40.73183,-74.00325"
"40.741776,-73.993706"
"40.6601,-74.17132"
"40.728485,-73.998276"
"40.72424,-73.99778"
"40.054188,-74.161896"
"40.877853,-74.118126"
"40.6362,-75.43044"
"40.736126,-74.03008"
"40.720955,-74.04472"
"40.722546,-73.98614"
"40.721073,-74.268364"
"40.75966,-73.966095"
"40.734333,-74.164215"
"40.914196,-74.05797"
"40.70257,-73.9008"
"40.78264,-73.95099"
"40.754936,-73.92364"
"40.715366,-74.19471"
"40.764153,-73.97345"
"40.702435,-73.987076"
"40.802654,-73.96424"
"40.765686,-73.9874"
"40.72197,-74.00171"
"40.676098,-73.984314"
"40.760643,-73.98606"
"40.744026,-73.98178"
"40.748287,-73.98557"
"40.720707,-73.99659"
"40.726105,-73.98921"
"40.762505,-73.984726"
"40.92801,-73.85404"
"40.679367,-73.88041"
"40.66158,-73.96217"
"40.760017,-73.98402"
"40.73485,-73.99109"
"40.79379,-73.84562"
"40.776077,-73.958496"
"40.25823,-75.2654"
"40.77037,-73.83362"
"40.66301,-73.71744"
"40.76021,-73.97598"
"40.74262,-73.98436"
"40.74184,-73.99932"
"40.769226,-73.98205"
"40.757687,-73.989494"
"40.729324,-74.01201"
"40.734383,-74.170654"
"40.740788,-74.00071"
"40.773766,-74.02086"
"40.77347,-73.98301"
"40.741684,-74.00463"
"40.7141,-74.0398"
"40.773838,-73.87122"
"40.740974,-74.00539"
"40.764957,-73.91713"
"40.72434,-73.95116"
"40.721283,-74.00516"
"40.734737,-74.171"
"40.763626,-73.997574"
"40.73837,-73.99679"
"40.836117,-74.1509"
"40.738655,-73.993904"
"40.77026,-74.05811"
"40.821426,-73.930534"
"40.784668,-73.97721"
"40.763912,-73.98045"
"40.68992,-73.97829"
"40.898342,-74.028625"
"40.74997,-73.9902"
"40.751415,-73.98382"
"40.77267,-73.95259"
"40.828587,-74.14027"
"40.756107,-73.924095"
"40.771664,-73.977646"
"40.759514,-73.98305"
"40.902325,-74.0718"
"40.761757,-73.8286"
"40.82704,-74.13994"
"40.85,-73.97045"
"40.742462,-73.984955"
"40.813885,-73.66331"
"40.751663,-73.99021"
"40.730385,-74.06449"
"40.701458,-74.013214"
"40.71751,-73.94925"
"39.800827,-74.91503"
"40.612583,-74.12987"
"40.758213,-73.986824"
"40.716885,-73.99767"
"40.675648,-73.97468"
"40.72932,-73.989334"
"40.749832,-74.00336"
"40.75696,-73.989075"
"40.736095,-73.90915"
"40.77954,-73.95525"
"40.89915,-73.97457"
"40.751476,-73.98755"
"40.75298,-73.969666"
"40.86072,-74.10871"
"40.75253,-73.97774"
"40.736523,-73.99086"
"40.7493,-73.998856"
"40.748314,-73.98822"
"40.728497,-74.00471"
"40.640533,-73.97713"
"40.751556,-73.98738"
"40.80747,-74.16978"
"40.927,-74.06871"
"40.724636,-73.998405"
"40.71924,-73.98486"
"40.96397,-73.8563"
"40.713444,-73.951584"
"40.779842,-73.98056"
"40.728725,-74.00092"
"40.763912,-73.99834"
"40.882027,-73.90209"
"40.775375,-73.90945"
"40.74266,-73.82502"
"40.73544,-74.00322"
"40.73435,-73.869026"
"40.806404,-73.95402"
"40.760998,-73.9829"
"40.715816,-74.01188"
"40.76429,-73.98832"
"40.756718,-73.98859"
"40.83452,-73.85035"
"40.81254,-74.12045"
"40.82511,-73.95151"
"40.748978,-73.995186"
"40.73126,-74.00309"
"40.73943,-74.0028"
"40.850582,-73.833466"
"40.772064,-73.981544"
"40.75595,-73.97243"
"40.730385,-73.986465"
"40.73203,-73.9855"
"40.71573,-73.94045"
"40.66804,-74.10416"
"40.878914,-73.90474"
"40.73154,-74.16235"
"40.68012,-73.97713"
"40.909363,-74.558205"
"40.77251,-73.95557"
"40.737785,-74.03307"
"40.718307,-73.957535"
"40.753387,-73.98862"
"40.73052,-74.0002"
"40.748573,-73.99248"
"40.670856,-73.96335"
"40.72954,-73.998856"
"40.75128,-73.99125"
"40.74555,-73.94747"
"40.73351,-73.95834"
"40.841537,-73.93958"
"40.71404,-73.95049"
"40.657425,-73.963936"
"40.761242,-73.923996"
"40.751488,-73.98273"
"40.750328,-74.00283"
"40.89599,-73.9785"
"40.753696,-73.98694"
"40.740784,-74.00184"
"40.782974,-73.98048"
"40.633682,-73.88926"
"40.854088,-74.138336"
"40.768986,-73.868454"
"40.614265,-73.92696"
"40.7534,-73.99247"
"40.746037,-73.984634"
"40.80054,-73.96568"
"40.81399,-73.95998"
"40.736526,-73.99056"
"40.756615,-73.98469"
"40.749825,-73.98796"
"40.82632,-74.05636"
"40.88489,-73.826546"
"40.73757,-74.0017"
"40.75983,-73.99167"
"40.872883,-74.082886"
"40.74182,-74.007"
"40.733192,-73.989975"
"40.75222,-73.99378"
"40.739033,-74.00799"
"40.733177,-73.99116"
"40.750004,-73.984634"
"40.723087,-73.98901"
"40.75732,-73.98557"
"40.829765,-73.89216"
"40.70237,-73.98751"
"40.77402,-74.01794"
"40.737804,-74.174164"
"40.75074,-73.99121"
"40.741882,-73.987854"
"40.614098,-74.013374"
"40.745213,-73.978325"
"41.659634,-73.93191"
"40.717373,-74.1518"
"40.693333,-73.9667"
"40.749676,-73.97769"
"40.758755,-73.9189"
"40.762405,-74.01"
"40.86303,-73.93284"
"40.88653,-73.90719"
"40.729847,-73.98872"
"40.877346,-74.11593"
"40.792324,-74.19869"
"40.714474,-73.9579"
"40.74051,-73.92325"
"40.730164,-73.98369"
"40.764156,-73.9869"
"40.751713,-73.984566"
"40.765007,-73.98313"
"40.741566,-73.88216"
"40.762146,-73.96846"
"40.712784,-73.9475"
"40.71501,-73.95146"
"40.758156,-73.98151"
"40.69038,-73.99484"
"40.75294,-74.02513"
"40.644405,-74.07296"
"40.71267,-73.876335"
"40.77277,-73.95578"
"40.71792,-73.990326"
"40.708588,-73.991035"
"40.738373,-73.88687"
"40.714283,-73.961395"
"40.91123,-73.780495"
"40.71787,-73.96159"
"40.73949,-74.002075"
"42.77109,-78.811295"
"40.76627,-73.98692"
"40.756798,-73.98875"
"40.8873,-73.906586"
"40.734985,-73.99324"
"40.784206,-74.02269"
"40.876747,-74.08533"
"40.77961,-73.949875"
"40.712852,-73.957596"
"40.685844,-74.03618"
"40.71093,-73.79173"
"41.0295,-74.716835"
"40.745968,-74.00174"
"40.74829,-73.94776"
"40.915173,-73.89483"
"40.836735,-74.152435"
"40.783634,-73.97446"
"40.560158,-74.16355"
"40.73685,-73.99571"
"40.601147,-73.50321"
"40.68949,-73.96951"
"40.67164,-73.96381"
"40.620358,-74.12379"
"40.73998,-73.993324"
"40.70831,-74.006584"
"40.745274,-73.99255"
"40.76279,-73.97332"
"40.633625,-74.00496"
"40.71643,-73.9615"
"40.67578,-73.8902"
"40.719967,-73.845116"
"40.873234,-73.90873"
"40.749767,-73.98544"
"40.75103,-73.87265"
"40.764595,-73.96998"
"40.76257,-73.99685"
"40.636703,-74.01462"
"40.839756,-74.156296"
"40.73091,-73.98961"
"40.964474,-74.244545"
"40.750793,-73.993576"
"40.168205,-74.87669"
"40.729755,-73.980835"
"43.979607,-75.95192"
"40.686886,-73.98442"
"40.856712,-73.86046"
"40.8475,-73.970535"
"40.779778,-73.95042"
"40.755245,-73.986664"
"40.679733,-73.96502"
"40.733135,-73.99001"
"40.707397,-73.67748"
"40.774563,-73.972664"
"40.726875,-73.983536"
"40.88985,-74.25956"
"40.77352,-73.95679"
"40.708736,-73.95775"
"40.86687,-73.825455"
"40.7807,-73.98002"
"40.71841,-73.98989"
"40.69693,-73.935425"
"40.721535,-73.944214"
"40.74224,-74.00617"
"40.763157,-73.99294"
"40.707306,-74.07783"
"40.719376,-73.84233"
"40.772434,-73.970184"
"40.771137,-73.9673"
"40.741234,-73.99299"
"40.753895,-73.987335"
"40.957943,-73.843285"
"40.59577,-73.75591"
"40.721485,-73.84439"
"40.696827,-74.1784"
"40.760235,-73.99122"
"40.721096,-73.98566"
"40.70973,-74.01093"
"40.89109,-74.145325"
"40.812634,-74.21576"
"40.726433,-73.986176"
"40.74359,-74.00335"
"40.689686,-74.17939"
"40.726353,-74.00208"
"40.825638,-74.137596"
"40.772076,-73.95599"
"40.731018,-73.98625"
"40.78662,-73.95049"
"40.87478,-73.90992"
"40.87118,-73.88685"
"40.738754,-74.00009"
"40.77924,-73.955086"
"40.728603,-73.98996"
"40.8684,-73.90133"
"40.756798,-73.9879"
"40.75916,-73.9957"
"40.686413,-73.97493"
"40.765385,-73.91818"
"40.771008,-73.835945"
"40.606365,-74.27413"
"40.80452,-73.96629"
"40.77059,-73.91834"
"40.74837,-73.98806"
"40.72197,-73.957565"
"40.71548,-74.00449"
"40.76132,-73.967575"
"40.83779,-73.83439"
"40.73013,-73.99772"
"40.743015,-74.000244"
"40.638706,-75.434105"
"40.76798,-73.98201"
"40.758488,-73.9867"
"40.91608,-74.07329"
"40.710655,-73.958916"
"40.74762,-73.98646"
"40.731327,-73.98875"
"40.263668,-74.48187"
"40.742523,-73.98035"
"40.76257,-73.967964"
"40.76099,-73.962944"
"39.87278,-75.27723"
"40.614162,-74.00063"
"40.96463,-74.07844"
"40.903835,-74.03174"
"40.730213,-74.00684"
"40.715717,-73.99332"
"40.759438,-73.98302"
"40.745792,-73.90297"
"40.751938,-73.97914"
"42.954254,-78.69421"
"40.765102,-73.99996"
"40.75227,-73.98731"
"40.67465,-73.96341"
"40.83609,-74.15063"
"40.863483,-73.83414"
"40.75498,-73.99526"
"40.72234,-73.98783"
"40.748093,-73.98507"
"40.72197,-74.00423"
"40.738567,-73.99005"
"40.70888,-73.81835"
"40.78974,-73.814255"
"40.774834,-73.98164"
"40.757362,-73.984276"
"40.72746,-74.005066"
"40.695606,-73.836365"
"40.762707,-73.98952"
"40.682636,-73.993256"
"40.758194,-73.9627"
"40.710537,-73.958145"
"40.79289,-74.25593"
"40.7608,-73.92291"
"40.7412,-74.00542"
"40.74992,-73.98361"
"40.764202,-73.77146"
"40.720066,-73.98831"
"40.716534,-73.96145"
"40.809685,-73.95018"
"40.723507,-73.95071"
"40.726116,-73.991615"
"40.749996,-73.97225"
"40.85535,-73.9333"
"40.76422,-73.97864"
"40.897232,-74.22067"
"40.738064,-74.00095"
"40.715477,-73.944626"
"40.73934,-73.99544"
"40.662663,-73.72021"
"40.7558,-73.98219"
"40.812157,-74.12222"
"40.813484,-74.07433"
"40.752407,-73.98997"
"40.72073,-73.995094"
"40.74454,-73.99072"
"40.733505,-73.99106"
"40.726948,-73.991486"
"40.759674,-73.98455"
"40.75091,-73.98206"
"40.72329,-73.98997"
"40.736828,-73.99065"
"40.68874,-73.9833"
"40.71106,-73.95063"
"40.752975,-74.02614"
"43.01444,-78.84776"
"40.755695,-73.990974"
"40.745087,-73.98854"
"40.881428,-74.22877"
"40.749973,-73.99169"
"40.761723,-73.994156"
"40.850235,-73.933235"
"40.724506,-73.99806"
"40.977306,-73.78568"
"40.75124,-73.991615"
"40.755386,-73.88606"
"40.828293,-74.10081"
"40.76195,-73.918465"
"40.734966,-73.97966"
"40.75793,-73.98702"
"40.73167,-74.00161"
"43.21414,-77.44759"
"40.76492,-73.987785"
"40.767265,-73.95962"
"40.750557,-73.98801"
"40.722332,-73.98335"
"40.72199,-73.99356"
"40.721176,-73.989426"
"40.749447,-74.027176"
"40.75876,-73.987305"
"40.800198,-73.95489"
"40.893074,-73.97344"
"40.857033,-73.9087"
"40.812786,-74.21616"
"40.735657,-73.99476"
"40.67425,-73.98229"
"40.73337,-73.99879"
"42.803345,-78.75376"
"40.967697,-74.07359"
"40.87459,-74.1651"
"40.731197,-74.00157"
"40.75042,-73.98772"
"40.75293,-73.974724"
"40.731472,-74.00227"
"40.71949,-73.99638"
"40.696693,-74.27156"
"40.722683,-73.99202"
"40.87551,-73.824265"
"40.707226,-73.92125"
"40.73801,-73.98877"
"40.727962,-74.000046"
"40.89392,-73.81838"
"40.841805,-74.159386"
"40.732998,-73.9855"
"40.82503,-73.87116"
"40.70245,-73.99325"
"40.75671,-74.001"
"40.038334,-75.341675"
"40.721474,-73.99505"
"40.716476,-73.99797"
"40.80702,-73.95358"
"40.825233,-73.94289"
"40.714043,-73.955956"
"40.750298,-73.97507"
"40.71791,-73.9928"
"40.756382,-73.986244"
"40.716446,-73.95289"
"40.759903,-73.98035"
"40.814026,-73.94063"
"40.77099,-73.9221"
"40.75876,-73.99302"
"40.882954,-74.03819"
"40.731483,-74.00315"
"40.744297,-74.00641"
"40.740395,-74.25269"
"40.75495,-73.9686"
"40.759315,-73.98513"
"40.804317,-74.23761"
"40.819565,-73.959724"
"40.751045,-73.98755"
"42.974163,-78.86657"
"40.73385,-74.00505"
"40.72765,-73.99361"
"40.726524,-73.98613"
"40.740562,-73.99818"
"40.61917,-73.989914"
"40.75922,-73.9896"
"40.75134,-73.98724"
"40.210106,-75.222946"
"40.74509,-73.988396"
"40.78202,-73.979065"
"40.68014,-73.878006"
"40.714466,-73.9984"
"40.687157,-73.9853"
"40.761944,-73.9836"
"40.814426,-73.83624"
"40.725826,-73.98644"
"40.8,-73.96811"
"40.713722,-73.961945"
"44.845974,-74.32929"
"40.96373,-73.85643"
"40.74453,-73.99876"
"40.708004,-73.928764"
"40.760715,-73.99028"
"40.28151,-75.29227"
"40.78206,-73.97927"
"40.7304,-73.99274"
"40.84622,-73.93858"
"40.735363,-73.675186"
"40.71365,-73.998474"
"40.7187,-74.0088"
"40.892735,-74.11475"
"40.81419,-74.21846"
"40.72886,-74.00796"
"40.865906,-73.89483"
"40.683144,-73.976135"
"40.70715,-73.9903"
"40.733738,-73.98986"
"40.733467,-74.173294"
"40.9278,-73.85321"
"40.740974,-73.78434"
"40.81385,-74.218056"
"40.878906,-74.143364"
"40.751633,-73.93981"
"40.740517,-74.00581"
"40.760426,-73.968056"
"40.669117,-73.94284"
"40.761684,-73.98544"
"40.72306,-74.0641"
"40.728962,-73.98937"
"40.743465,-74.02894"
"40.773624,-73.9641"
"40.728706,-73.98952"
"40.709198,-74.011185"
"40.758385,-73.98824"
"40.83818,-73.941505"
"40.760345,-73.98722"
"40.728867,-73.90047"
"40.82949,-73.92694"
"40.75793,-73.98719"
"40.72096,-73.99569"
"40.82588,-73.88794"
"40.752556,-73.91411"
"40.749264,-73.99426"
"40.72989,-74.00061"
"40.69221,-73.98875"
"40.738525,-73.991875"
"40.709774,-74.01455"
"40.91734,-73.84037"
"40.72542,-73.99002"
"40.7846,-73.977356"
"40.76185,-73.99015"
"40.85693,-74.14568"
"40.760258,-73.99093"
"40.865406,-73.92706"
"39.029617,-74.94122"
"40.729565,-73.984436"
"40.742393,-74.00331"
"40.785877,-74.01347"
"40.748375,-73.939514"
"40.834824,-73.88905"
"39.87298,-75.27465"
"40.734715,-73.99996"
"40.73545,-73.85037"
"40.729813,-73.958466"
"40.724632,-73.99553"
"40.71965,-73.99967"
"43.102703,-77.54125"
"40.600456,-73.93692"
"40.770252,-73.9601"
"40.74591,-74.00536"
"40.786854,-73.97768"
"40.733955,-74.00039"
"40.725986,-73.98968"
"40.70579,-73.93704"
"40.71594,-73.986824"
"40.916748,-74.05872"
"40.720467,-73.99688"
"40.66891,-73.78165"
"40.74487,-73.983986"
"40.747986,-73.987274"
"40.743187,-73.9913"
"40.71781,-73.9576"
"40.72817,-73.987915"
"40.71598,-73.962036"
"40.729015,-73.97807"
"40.734592,-73.870674"
"40.747063,-74.005196"
"40.716362,-73.99716"
"40.74764,-73.98635"
"40.77183,-73.93009"
"40.72165,-73.997536"
"40.757404,-73.793495"
"40.743484,-74.00755"
"40.71885,-73.98683"
"40.686398,-73.97455"
"40.760666,-73.99495"
"40.94814,-74.071175"
"40.727516,-73.98342"
"40.71304,-73.94419"
"40.67881,-73.97381"
"40.729362,-73.987206"
"40.714226,-73.95259"
"40.78215,-73.82944"
"40.756992,-73.98908"
"40.816147,-73.98043"
"40.723404,-73.99939"
"40.729046,-73.98858"
"40.737106,-74.00126"
"40.69332,-73.97241"
"40.823166,-73.94252"
"40.47797,-74.29691"
"40.716007,-73.965485"
"43.211025,-77.46484"
"40.67997,-73.906586"
"40.889713,-74.271225"
"40.805527,-74.248024"
"40.96374,-74.24622"
"40.908096,-74.552536"
"40.8233,-73.941864"
"40.836143,-74.15106"
"40.74526,-73.99248"
"40.774384,-73.954254"
"40.72922,-73.98914"
"40.696777,-74.182045"
"40.639652,-74.03232"
"40.781673,-73.97946"
"41.529415,-73.89931"
"40.69988,-73.91112"
"40.730103,-74.006905"
"40.75816,-73.98772"
"40.744698,-73.999115"
"40.78664,-73.97564"
"40.76184,-73.99368"
"40.721046,-73.9872"
"40.729588,-73.9988"
"40.732647,-73.98586"
"40.739723,-73.78956"
"40.76121,-73.99414"
"40.84371,-74.12985"
"40.808075,-73.94556"
"40.70508,-73.93365"
"40.70437,-73.800735"
"40.743767,-74.000854"
"40.716778,-74.00814"
"40.71563,-73.9964"
"40.675842,-73.86659"
"40.90093,-73.82726"
"40.75257,-73.994606"
"40.77352,-73.95554"
"40.725216,-74.00357"
"40.782993,-73.95891"
"40.7872,-74.04624"
"40.67064,-73.95906"
"40.750328,-73.98935"
"40.84606,-74.15561"
"40.93467,-73.90101"
"40.571438,-74.111145"
"40.75929,-73.98094"
"40.75875,-73.987274"
"43.23469,-78.22584"
"40.74537,-73.97749"
"40.7183,-74.01597"
"40.45343,-74.469406"
"40.750145,-73.99439"
"40.811646,-74.122826"
"40.769768,-73.95441"
"40.724293,-73.99289"
"40.747967,-73.9872"
"40.750072,-74.00272"
"40.735176,-73.9796"
"40.77347,-73.983734"
"40.73198,-73.99186"
"40.65027,-73.89"
"40.725098,-74.003075"
"40.76526,-73.9764"
"40.78402,-73.974525"
"40.780087,-73.927025"
"40.743088,-74.00575"
"40.76442,-73.99944"
"40.72264,-73.98901"
"40.60062,-73.94247"
"40.62115,-74.13265"
"40.736237,-74.02922"
"40.74789,-73.8821"
"40.43603,-74.30059"
"40.80669,-74.13202"
"40.57275,-74.107025"
"40.75819,-73.97851"
"40.697826,-73.967865"
"40.731724,-74.004234"
"40.758717,-73.91812"
"40.717354,-73.960396"
"40.74574,-73.993675"
"40.720737,-73.99526"
"40.689316,-73.99258"
"40.745888,-73.98852"
"40.808224,-74.106514"
"40.723225,-74.001076"
"40.66398,-73.99589"
"40.859188,-74.10506"
"40.743088,-74.00838"
"43.007225,-78.862434"
"40.75058,-73.987755"
"40.74224,-74.00545"
"40.8137,-74.16315"
"40.74255,-73.982605"
"40.72799,-74.0054"
"40.62496,-73.96343"
"40.868073,-73.920654"
"40.72299,-73.9878"
"40.779297,-73.98093"
"40.724285,-74.00196"
"40.734837,-73.9997"
"40.720787,-74.001976"
"40.757374,-73.96999"
"40.77781,-73.978584"
"40.72979,-74.000694"
"40.7933,-73.97283"
"40.736397,-73.98854"
"40.66506,-73.90523"
"40.774826,-73.95393"
"40.772125,-73.983696"
"40.73851,-73.98998"
"40.763412,-73.977646"
"40.753807,-73.992386"
"40.75246,-73.99433"
"40.75933,-73.98918"
"40.747917,-73.97944"
"40.516685,-74.28659"
"41.77155,-73.800735"
"40.71402,-73.989876"
"42.74727,-73.81393"
"40.839455,-73.847786"
"40.930916,-74.24909"
"40.721745,-73.987595"
"40.66643,-75.30709"
"40.940575,-74.1481"
"43.08704,-78.68689"
"40.906944,-74.55408"
"40.756718,-73.988846"
"40.673283,-73.83261"
"40.7594,-73.919655"
"40.706993,-74.003716"
"40.756966,-73.98581"
"40.62559,-74.135254"
"40.778175,-73.98055"
"40.737045,-74.00373"
"40.73113,-73.99353"
"43.034172,-77.44237"
"40.714718,-73.949524"
"40.724052,-73.993835"
"40.73473,-73.99956"
"40.705254,-74.01601"
"40.70983,-74.01475"
"40.76297,-73.97397"
"40.765736,-73.98334"
"40.714302,-73.998726"
"40.714905,-74.01533"
"40.74731,-74.00125"
"40.876724,-74.186356"
"40.111565,-74.2487"
"40.719463,-73.984886"
"40.704975,-73.80119"
"40.751328,-73.992165"
"40.745136,-73.95344"
"40.74736,-73.99778"
"40.72932,-74.01089"
"40.597347,-73.7552"
"40.728,-73.99345"
"40.726837,-73.98337"
"40.75984,-73.98037"
"40.85055,-73.966995"
"40.74531,-73.978424"
"40.752346,-73.98736"
"40.768353,-73.98026"
"40.760258,-73.98695"
"40.715843,-74.00498"
"40.731995,-74.00358"
"40.71651,-73.96149"
"40.713696,-73.831215"
"40.7814,-74.00559"
"40.83945,-73.8718"
"40.738327,-74.005554"
"40.7799,-73.9815"
"40.82302,-73.97588"
"40.765236,-73.97995"
"40.714172,-73.949844"
"40.774292,-73.96375"
"40.669125,-73.94236"
"40.720654,-73.98425"
"40.909042,-73.87903"
"40.760635,-73.98756"
"40.675697,-73.7093"
"40.74521,-73.992874"
"40.74775,-74.006966"
"40.737404,-73.991264"
"40.759254,-73.98515"
"40.60247,-73.995026"
"40.87036,-73.84609"
"40.76024,-73.98692"
"40.72759,-74.17524"
"40.7348,-74.00005"
"39.550125,-74.73507"
"40.764023,-73.98829"
"40.77649,-73.95055"
"40.74199,-73.998276"
"40.8154,-73.95801"
"40.734962,-73.86663"
"40.750202,-73.986465"
"40.723892,-73.9968"
"40.612858,-73.91257"
"40.721634,-73.95827"
"40.775658,-73.95902"
"40.758743,-73.97094"
"40.740265,-74.00581"
"40.752808,-73.97717"
"40.722843,-73.988754"
"40.714413,-74.037704"
"40.757923,-73.989746"
"40.871292,-74.14161"
"40.75806,-73.78754"
"40.734814,-74.00797"
"40.74186,-74.00509"
"40.95919,-74.07566"
"40.76296,-73.98235"
"40.72827,-73.98482"
"40.75756,-73.78165"
"43.181587,-77.68607"
"40.753063,-73.78014"
"40.77153,-73.91595"
"40.750248,-73.989914"
"40.84985,-74.07552"
"40.76382,-73.97301"
"40.607388,-74.00232"
"40.633553,-73.893654"
"40.698437,-73.929955"
"40.807766,-73.94546"
"40.73019,-73.994514"
"40.780098,-74.0097"
"40.758106,-73.9876"
"40.698753,-74.28118"
"40.68193,-73.94995"
"40.685104,-73.9801"
"40.71908,-73.98514"
"40.76148,-74.07551"
"40.66765,-73.70684"
"40.744267,-73.98399"
"44.705944,-73.50837"
"40.771633,-73.95625"
"42.745247,-73.80975"
"40.743126,-73.92139"
"40.64509,-73.78452"
"40.715977,-73.997375"
"40.891357,-74.2714"
"40.6882,-73.96265"
"40.732082,-74.06419"
"40.760666,-73.984634"
"40.900898,-74.21207"
"40.758846,-73.98955"
"40.862175,-73.883934"
"40.725063,-73.98299"
"40.72473,-73.9972"
"40.745605,-74.03334"
"40.75813,-73.98746"
"40.80474,-73.95544"
"40.768032,-73.98187"
"40.78025,-73.963585"
"40.7467,-73.977455"
"40.772903,-73.91651"
"40.72854,-74.04655"
"40.7237,-73.996346"
"40.73362,-74.00315"
"40.730206,-74.00479"
"40.7648,-73.7715"
"40.803547,-73.96337"
"40.88964,-74.27131"
"40.72627,-73.986145"
"40.747,-73.9528"
"40.754704,-73.98765"
"40.740486,-73.98732"
"40.65946,-74.16864"
"40.718746,-73.99051"
"40.685246,-73.980774"
"40.83128,-74.09217"
"40.750515,-73.9935"
"40.73943,-74.00798"
"40.73068,-74.065674"
"40.71869,-74.00092"
"40.76882,-73.95531"
"40.050762,-74.68103"
"40.750084,-73.99083"
"40.731712,-73.98923"
"40.63525,-74.02626"
"40.73943,-74.00647"
"40.721138,-73.84729"
"40.76182,-74.00099"
"40.791588,-73.85131"
"40.71864,-73.95997"
"40.764088,-73.97372"
"40.851215,-73.952065"
"40.59221,-74.289185"
"40.74992,-73.97233"
"40.72674,-73.98904"
"40.905865,-74.55941"
"40.811268,-73.98784"
"40.677254,-73.99192"
"40.741505,-73.99327"
"40.8253,-74.9781"
"40.720737,-73.98876"
"40.758507,-73.98914"
"40.831234,-74.08961"
"40.662216,-73.96183"
"40.76589,-73.983215"
"40.72621,-73.790436"
"40.712395,-74.03695"
"40.89178,-74.270195"
"40.78054,-73.98085"
"40.730843,-73.99735"
"40.918484,-74.07563"
"40.740055,-74.00716"
"40.70666,-73.90556"
"40.690235,-73.98697"
"40.704052,-74.09867"
"40.757236,-73.99802"
"40.729984,-73.95773"
"40.75494,-73.98393"
"40.890545,-74.27033"
"40.96514,-74.06756"
"40.776993,-73.95536"
"40.753742,-73.983696"
"40.741695,-74.00501"
"40.731697,-73.98923"
"40.018585,-74.73227"
"40.786587,-73.9781"
"40.69059,-73.99635"
"40.73864,-73.99253"
"40.79884,-73.96306"
"40.73546,-74.006004"
"40.71633,-73.95361"
"40.732708,-73.98773"
"40.76277,-73.95615"
"40.63397,-74.00063"
"40.83916,-73.941124"
"40.632076,-73.94788"
"40.77005,-73.8265"
"40.741863,-73.98943"
"40.754833,-73.986786"
"40.187653,-74.86905"
"40.93255,-73.8725"
"40.90046,-74.24229"
"40.738083,-73.99064"
"40.77693,-73.9775"
"40.73083,-73.989975"
"40.76477,-73.9168"
"40.750576,-73.976166"
"40.75371,-73.98363"
"40.826767,-73.937965"
"40.736626,-73.9909"
"40.85207,-74.04199"
"40.81547,-73.93972"
"40.7479,-74.00053"
"40.76803,-73.98519"
"40.722843,-73.99412"
"40.723095,-73.99577"
"40.758236,-73.829636"
"40.783222,-73.83344"
"40.69395,-73.96176"
"40.672825,-73.99086"
"40.76426,-73.9672"
"40.741257,-73.99383"
"40.760315,-73.983345"
"40.7206,-73.99497"
"40.78293,-73.83085"
"40.849068,-73.63492"
"40.76056,-73.985855"
"40.729557,-73.97713"
"40.588497,-73.68305"
"40.728523,-73.999985"
"40.661835,-73.99282"
"40.73648,-73.98915"
"40.775818,-73.958916"
"40.741817,-73.992"
"40.720123,-73.98738"
"40.63516,-73.962746"
"40.77868,-73.95617"
"40.723816,-74.00352"
"40.758766,-73.978714"
"40.714294,-73.94449"
"40.769558,-73.95453"
"40.742455,-73.98977"
"40.722633,-73.99535"
"40.735676,-73.99383"
"40.772038,-73.95905"
"40.736794,-73.984604"
"40.626186,-74.129875"
"40.728294,-73.991196"
"40.785534,-73.97286"
"40.74587,-74.00254"
"42.793972,-74.00556"
"40.68145,-73.9799"
"40.83136,-73.99266"
"40.673088,-74.00176"
"40.73238,-73.99919"
"40.75407,-73.99226"
"40.758507,-73.976524"
"40.733154,-73.991"
"41.518936,-73.88857"
"40.727993,-73.98433"
"40.723595,-73.93812"
"40.69328,-73.99136"
"40.762783,-73.993034"
"40.752285,-73.9858"
"40.77128,-73.98193"
"40.742355,-74.00398"
"40.71813,-73.959946"
"40.185764,-74.87015"
"40.74451,-73.99662"
"40.72139,-73.9882"
"40.906887,-74.13384"
"40.775635,-73.95355"
"40.71133,-74.01314"
"40.71994,-74.004906"
"40.7538,-73.98682"
"40.801144,-74.24609"
"40.723034,-73.99741"
"40.771885,-73.98114"
"40.76091,-73.99104"
"40.575016,-74.167725"
"40.757984,-73.98603"
"40.741295,-73.98567"
"40.86552,-74.194626"
"40.776012,-73.91048"
"40.784355,-74.024635"
"40.734818,-74.059425"
"40.89054,-74.148575"
"40.67222,-73.9573"
"40.755886,-73.9785"
"40.732758,-73.98576"
"40.745132,-73.99815"
"40.75215,-73.98395"
"40.74601,-73.99987"
"40.69375,-73.96451"
"40.741043,-73.879906"
"40.721687,-73.99723"
"40.73224,-74.00184"
"40.949657,-73.83413"
"40.744217,-73.98854"
"40.72719,-73.98557"
"40.7203,-73.84469"
"40.746105,-74.02414"
"40.795227,-73.97119"
"40.74543,-73.99852"
"40.744377,-74.00286"
"40.835613,-74.08632"
"40.76091,-73.9812"
"40.733585,-73.86413"
"40.803173,-74.01201"
"40.718662,-73.98926"
"40.92827,-73.90476"
"40.734314,-74.16994"
"40.725166,-73.98025"
"40.722412,-73.99948"
"40.974316,-73.864006"
"40.737713,-74.00802"
"40.734154,-73.869385"
"40.706333,-73.92279"
"40.76244,-73.98241"
"40.54641,-74.2238"
"40.75038,-73.97403"
"40.649532,-73.79476"
"40.712933,-74.00964"
"40.79825,-73.961136"
"40.04398,-75.394684"
"40.65573,-73.83891"
"40.779823,-73.947296"
"40.713123,-74.00063"
"40.74775,-73.987114"
"40.70088,-74.070984"
"40.688366,-73.989006"
"40.722385,-74.00269"
"40.731155,-73.98873"
"40.77813,-74.13163"
"40.779034,-73.77886"
"40.890514,-74.268394"
"40.74401,-73.98565"
"40.887146,-73.90456"
"40.67315,-73.9662"
"40.66367,-73.911674"
"40.747967,-73.98734"
"40.76191,-73.979095"
"40.70756,-73.940445"
"40.748093,-73.9861"
"40.702637,-73.993004"
"40.73108,-74.065765"
"40.754227,-73.976685"
"40.716835,-74.00745"
"40.836964,-74.0922"
"40.917046,-73.780716"
"40.79057,-74.056335"
"40.76098,-73.83023"
"40.778503,-73.98209"
"40.721046,-73.94076"
"40.758747,-73.98939"
"40.757942,-73.98555"
"40.756165,-73.997086"
"40.75687,-73.967285"
"40.75182,-73.976616"
"40.595055,-73.50454"
"40.710648,-74.0025"
"39.861305,-75.3004"
"40.7797,-73.95599"
"40.739452,-73.992165"
"40.780563,-73.95929"
"40.761715,-73.96862"
"40.731113,-73.69321"
"40.720413,-74.04379"
"40.760838,-73.92328"
"40.774452,-73.954346"
"40.750828,-73.98772"
"40.721333,-73.98826"
"40.828392,-73.9261"
"40.75213,-73.98607"
"40.734634,-74.002205"
"40.685783,-73.99424"
"40.737373,-73.98425"
"40.74079,-74.005325"
"40.74133,-73.98121"
"40.753265,-73.97214"
"40.68312,-73.97598"
"40.71489,-73.94452"
"40.047215,-74.84025"
"40.76187,-73.979485"
"40.858456,-73.60996"
"40.760723,-73.990364"
"40.724594,-73.991646"
"40.760685,-73.98998"
"40.749924,-73.99016"
"40.682037,-73.980225"
"40.7445,-73.99068"
"40.892384,-74.15727"
"40.772552,-73.92271"
"40.758327,-73.98546"
"40.76018,-73.99301"
"40.69474,-74.23116"
"40.8747,-74.27551"
"40.774338,-74.03366"
"40.92816,-73.85325"
"40.7593,-73.9919"
"40.75287,-73.987175"
"40.719444,-73.98769"
"40.812405,-74.12329"
"40.813683,-74.2175"
"40.76518,-73.97187"
"40.918774,-74.077225"
"40.771362,-73.94771"
"40.82241,-73.940895"
"40.708103,-73.6915"
"40.7275,-74.00063"
"40.913292,-74.233376"
"40.81343,-73.941864"
"40.74566,-74.02848"
"40.91711,-74.05885"
"40.65524,-73.962296"
"40.806923,-73.98965"
"40.674007,-73.98224"
"40.75993,-73.974205"
"40.873642,-73.90812"
"40.753273,-73.98228"
"40.745567,-73.98563"
"40.732628,-73.98555"
"40.829918,-73.68352"
"40.75956,-73.98523"
"40.75313,-73.9801"
"40.74795,-73.97705"
"40.777424,-73.948944"
"40.69364,-73.96465"
"40.74044,-73.984886"
"40.737194,-73.99641"
"40.75904,-73.98509"
"40.72292,-73.98826"
"40.72785,-73.983864"
"40.681255,-73.976974"
"40.747814,-73.976685"
"40.72214,-73.99625"
"40.782726,-73.65951"
"40.57209,-74.10839"
"40.731796,-73.98567"
"40.761192,-73.98701"
"40.75926,-73.98146"
"40.751614,-73.99361"
"40.892273,-74.2641"
"40.732674,-73.99122"
"40.777565,-73.95196"
"40.747723,-73.98653"
"40.748177,-73.987564"
"40.765263,-73.98755"
"40.7156,-73.99818"
"40.812347,-74.12278"
"43.10192,-77.54103"
"40.77389,-73.98214"
"40.725746,-74.009125"
"40.734352,-74.00251"
"40.764866,-73.99154"
"40.87342,-74.12188"
"40.74024,-73.984245"
"40.76175,-73.975365"
"40.721226,-73.9946"
"39.253513,-74.62914"
"40.673615,-73.99171"
"40.81316,-74.21692"
"40.737835,-74.00014"
"40.64953,-73.7831"
"40.715393,-73.99759"
"40.725014,-73.99704"
"40.763504,-73.98905"
"40.745155,-73.99876"
"40.734997,-73.99335"
"40.71878,-74.01014"
"40.457592,-74.296074"
"40.804108,-74.14554"
"40.722466,-73.99931"
"40.730476,-74.001976"
"40.74278,-74.00063"
"40.826862,-74.10638"
"40.726406,-74.005516"
"40.66354,-73.93011"
"40.72129,-73.99426"
"40.879936,-73.88087"
"40.047905,-74.84228"
"40.777603,-73.976845"
"40.285843,-74.50149"
"40.74434,-73.990425"
"40.717976,-73.98536"
"40.72729,-73.99378"
"40.238373,-75.22747"
"40.71405,-73.94931"
"40.6774,-73.98258"
"40.86264,-74.14068"
"40.758457,-73.98914"
"40.731846,-73.983864"
"40.74986,-73.98996"
"40.755074,-73.97102"
"40.814133,-73.983246"
"40.720932,-73.95663"
"40.679905,-73.9641"
"40.76491,-73.91735"
"40.810123,-74.25819"
"40.771725,-73.953255"
"43.266247,-77.67015"
"40.75001,-73.99503"
"40.746426,-73.99396"
"40.77424,-73.8725"
"40.716427,-74.00966"
"40.808018,-73.9454"
"40.745876,-73.90101"
"40.867275,-73.92087"
"40.71641,-73.99903"
"40.70676,-73.92322"
"40.677685,-73.984"
"40.731544,-73.98283"
"40.72529,-73.99801"
"40.845474,-73.99975"
"40.761063,-73.82943"
"40.78069,-73.77579"
"40.75909,-73.98592"
"40.709717,-74.010506"
"40.731426,-73.99431"
"40.762405,-73.987656"
"40.93996,-74.11891"
"40.70815,-74.01454"
"40.738033,-74.0275"
"40.734352,-73.99086"
"40.70157,-73.928795"
"40.740753,-74.00796"
"40.802116,-73.94945"
"40.72752,-73.98867"
"40.71207,-73.95108"
"40.628822,-73.89483"
"40.714382,-73.956474"
"40.917896,-74.07637"
"40.748905,-73.98599"
"40.766705,-73.92138"
"40.734055,-73.87085"
"40.58159,-73.98869"
"40.86374,-73.97497"
"40.738655,-73.993774"
"40.71789,-73.99794"
"40.660168,-74.1073"
"40.76402,-73.91499"
"40.771687,-73.98231"
"40.79297,-73.924286"
"40.73508,-73.98571"
"40.76169,-74.07424"
"40.921898,-74.18431"
"40.694157,-73.991875"
"40.745495,-73.98326"
"40.69434,-73.91874"
"40.717564,-74.00022"
"40.75558,-73.98854"
"40.718925,-74.0018"
"40.835396,-73.88006"
"40.725883,-74.05204"
"40.761673,-73.98344"
"40.72596,-73.9897"
"40.7529,-73.99116"
"40.729397,-73.987175"
"40.728546,-73.999596"
"40.666492,-73.9627"
"40.668743,-73.933624"
"40.03633,-75.37342"
"40.732788,-74.008606"
"40.754517,-73.9734"
"40.70431,-73.99239"
"40.76459,-73.971214"
"40.75773,-73.971565"
"40.75412,-73.98403"
"40.738667,-73.9753"
"40.62633,-74.13201"
"40.785946,-73.97633"
"40.46269,-74.45196"
"40.73917,-73.97031"
"40.73584,-74.00076"
"40.76185,-73.96641"
"40.728954,-73.984436"
"40.763996,-73.97269"
"40.76114,-73.98567"
"40.742443,-73.9805"
"40.77393,-73.954636"
"40.78014,-73.95026"
"43.203873,-77.47666"
"44.662277,-75.02642"
"40.74321,-74.0089"
"40.77104,-73.98325"
"40.726437,-74.00225"
"40.967087,-73.86929"
"40.748573,-73.985794"
"40.74861,-74.02749"
"40.76824,-73.98191"
